{
  "id": {
    "value": 14418846159697527818,
    "phantom": null
  },
  "radius": 0.5,
  "max_life": 100,
  "turn_accel": 0.44440976,
  "max_turn_rate": 0.38327432,
  "accel": 0.1,
  "break_accel": 0.3,
  "max_speed": 1.0,
  "part_tree": {
    "id": {
      "value": 197135912884473854,
      "phantom": null
    },
    "placed_mesh": null,
    "placed_collider": null,
    "parent_to_self": [
      1.0,
      0.0,
      0.0,
      0.0,
      0.0,
      1.0,
      0.0,
      0.0,
      0.0,
      0.0,
      1.0,
      0.0,
      0.0,
      0.0,
      0.0,
      1.0
    ],
    "joint": "Fix",
    "children": [
      {
        "id": {
          "value": 1756212347027302969,
          "phantom": null
        },
        "placed_mesh": {
          "trans": [
            1.0,
            0.0,
            0.0,
            0.0,
            0.0,
            1.0,
            0.0,
            0.0,
            0.0,
            0.0,
            1.0,
            0.0,
            0.0,
            0.0,
            0.0,
            1.0
          ],
          "mesh_path": "./src/asset/tank/base.obj",
          "mesh_index": 3
        },
        "placed_collider": null,
        "parent_to_self": [
          1.0,
          0.0,
          0.0,
          0.0,
          0.0,
          1.0,
          0.0,
          0.0,
          0.0,
          0.0,
          1.0,
          0.0,
          0.0,
          0.0,
          0.25,
          1.0
        ],
        "joint": "Fix",
        "children": [
          {
            "id": {
              "value": 13491902060961674828,
              "phantom": null
            },
            "placed_mesh": {
              "trans": [
                1.0,
                0.0,
                0.0,
                0.0,
                0.0,
                1.0,
                0.0,
                0.0,
                0.0,
                0.0,
                1.0,
                0.0,
                0.315,
                0.005,
                0.0,
                1.0
              ],
              "mesh_path": "./src/asset/tank/canon.obj",
              "mesh_index": 5
            },
            "placed_collider": null,
            "parent_to_self": [
              1.0,
              0.0,
              0.0,
              0.0,
              0.0,
              1.0,
              0.0,
              0.0,
              0.0,
              0.0,
              1.0,
              0.0,
              -0.196,
              0.0,
              0.0,
              1.0
            ],
            "joint": "AimWeapon0",
            "children": []
          },
          {
            "id": {
              "value": 11290295935695058242,
              "phantom": null
            },
            "placed_mesh": {
              "trans": [
                -0.0011959828,
                -1.8058838e-10,
                -0.9999993,
                0.0,
                2.3841828e-7,
                1.0,
                -4.657329e-10,
                0.0,
                0.9999993,
                -2.384187e-7,
                -0.0011959828,
                0.0,
                0.0,
                0.0,
                0.0,
                1.0
              ],
              "mesh_path": "./src/asset/tank/wheel.obj",
              "mesh_index": 4
            },
            "placed_collider": null,
            "parent_to_self": [
              -0.99999875,
              0.001592548,
              0.0,
              0.0,
              -0.001592548,
              -0.99999875,
              0.0,
              0.0,
              0.0,
              0.0,
              1.0,
              0.0,
              -0.516,
              -0.617,
              0.0,
              1.0
            ],
            "joint": "Wheel0",
            "children": []
          },
          {
            "id": {
              "value": 6250614812945715198,
              "phantom": null
            },
            "placed_mesh": {
              "trans": [
                0.010791883,
                0.0,
                -0.99994177,
                0.0,
                0.0,
                1.0,
                0.0,
                0.0,
                0.99994177,
                0.0,
                0.010791883,
                0.0,
                0.0,
                0.0,
                0.0,
                1.0
              ],
              "mesh_path": "./src/asset/tank/wheel.obj",
              "mesh_index": 4
            },
            "placed_collider": null,
            "parent_to_self": [
              -0.99999875,
              0.001592548,
              0.0,
              0.0,
              -0.001592548,
              -0.99999875,
              0.0,
              0.0,
              0.0,
              0.0,
              1.0,
              0.0,
              0.518,
              -0.619,
              0.0,
              1.0
            ],
            "joint": "Wheel0",
            "children": []
          },
          {
            "id": {
              "value": 12952766970854183071,
              "phantom": null
            },
            "placed_mesh": {
              "trans": [
                0.0042427215,
                4.6193324e-7,
                0.999991,
                0.0,
                -0.00010887664,
                1.0,
                0.0,
                0.0,
                -0.999991,
                -0.000108875654,
                0.0042427215,
                0.0,
                0.0,
                0.0,
                0.0,
                1.0
              ],
              "mesh_path": "./src/asset/tank/wheel.obj",
              "mesh_index": 4
            },
            "placed_collider": null,
            "parent_to_self": [
              -0.99999994,
              0.00040736992,
              0.0,
              0.0,
              -0.00040736992,
              -0.99999994,
              0.0,
              0.0,
              0.0,
              0.0,
              1.0,
              0.0,
              0.523,
              0.625,
              0.0,
              1.0
            ],
            "joint": "Wheel0",
            "children": []
          },
          {
            "id": {
              "value": 833497444713801088,
              "phantom": null
            },
            "placed_mesh": {
              "trans": [
                -0.00059798185,
                -0.000007530322,
                -0.9999998,
                0.0,
                0.012592674,
                -0.9999207,
                -4.656272e-10,
                0.0,
                -0.99992055,
                -0.012592672,
                0.00059802923,
                0.0,
                0.0,
                0.0,
                0.0,
                1.0
              ],
              "mesh_path": "./src/asset/tank/wheel.obj",
              "mesh_index": 4
            },
            "placed_collider": null,
            "parent_to_self": [
              -0.999954,
              -0.009592537,
              0.0,
              0.0,
              0.009592537,
              -0.999954,
              0.0,
              0.0,
              0.0,
              0.0,
              1.0,
              0.0,
              -0.525,
              0.609,
              0.0,
              1.0
            ],
            "joint": "Wheel0",
            "children": []
          }
        ]
      }
    ]
  }
}